keyword,intent,position,serp_features,traffic,volume,kd,url,last_change
demo document,I,6,1,1,40,20,/features/free-demo,2026-07-29
compliance software ai document analysis,CI,34,4,0,40,16,/use-cases/compliance,2026-08-24
compliance software ai document analysis,CI,64,4,0,40,16,/use-cases/compliance,2026-08-24
paper summary ai,I,69,5,0,30,46,/blog/ai-research-paper-summarizer,2026-08-22
doctalk texasips,I,27,3,0,70,10,/contact,2026-08-31
research paper summarizer ai,I,69,7,0,50,30,/blog/ai-research-paper-summarizer,2026-08-11
research paper summarizer ai,I,71,7,0,50,30,/blog/ai-research-paper-summarizer,2026-08-11
ai scientific paper summary,I,84,5,0,30,25,/blog/ai-research-paper-summarizer,2026-07-30
what does cited answers mean in ai tools,I,80,7,0,50,12,/features/citations,2026-07-31
research paper summarizer,I,77,7,0,210,64,/blog/ai-research-paper-summarizer,2026-08-09
summary of research paper,I,93,7,0,110,55,/blog/ai-research-paper-summarizer,2026-07-30
summarize research papers,I,68,5,0,70,34,/blog/ai-research-paper-summarizer,2026-08-18
research dossier generation,I,70,4,0,27100,10,/use-cases/students,2026-09-16
doctract pricing,T,65,6,0,50,19,/pricing,2026-08-29
best free tools to chat with pdf 2026,C,95,7,0,70,,/blog/best-ai-pdf-tools-2026,2026-07-29
best tools to chat with pdf 2026,C,76,6,0,70,,/blog/best-ai-pdf-tools-2026,2026-07-29
ai paper summarizer,I,69,8,0,90,49,/blog/ai-research-paper-summarizer,2026-08-23
summarize a research paper,I,62,4,0,40,63,/blog/ai-research-paper-summarizer,2026-08-21
demo doc,I,30,4,0,40,56,/features/free-demo,2026-07-29
doctalk,I,19,2,0,320,18,/,2026-07-29
doctalk,I,40,2,0,320,18,/contact,2026-07-29
talk pdf,C,34,5,0,40,64,/blog/how-to-chat-with-pdf-ai,2026-08-19
summarize paper,I,72,5,0,90,74,/blog/ai-research-paper-summarizer,2026-08-13
best ai tools for research papers 2026,CI,67,6,0,70,10,/blog/best-ai-tools-academic-research-2026,2026-07-29
docalysis,N,61,4,0,140,16,/blog,2026-09-12
docalysis,N,72,4,0,140,16,/,2026-09-12
summarize paper ai,C,64,4,0,30,41,/blog/ai-research-paper-summarizer,2026-08-28
best ai for academic research 2026,CI,75,5,0,70,13,/blog/best-ai-tools-academic-research-2026,2026-07-29
summarize research paper ai,CI,70,8,0,40,33,/blog/ai-research-paper-summarizer,2026-08-13
docstack,N,59,4,0,50,37,/features/multi-format,2026-09-01
summarize this paper,I,65,4,0,40,65,/blog/ai-research-paper-summarizer,2026-08-19
ai research paper summarizer,C,78,7,0,90,28,/blog/ai-research-paper-summarizer,2026-08-11
doctalk login,T,20,3,0,50,14,/contact,2026-08-12
chatpdf alternative,I,32,6,0,70,14,/alternatives,2026-09-09
chatpdf alternative,I,57,6,0,70,14,/alternatives,2026-09-09
best ai tools for academic research 2026,CI,26,7,0,70,21,/blog/best-ai-tools-academic-research-2026,2026-08-15
ai assisted document review in hr,C,19,6,0,50,10,/use-cases/hr-contracts,2026-08-15
