peska.shop	2026-09-30	EXPERT
missburrg.com	2026-09-30	HQPBN
digitalseotool.com	2026-09-30	HQPBN
nimpa.shop	2026-09-30	EXPERT
soulvocable.com	2026-09-29	HQPBN
bazerdaily.com	2026-09-29	HQPBN
onlineshoppingidea.com	2026-09-29	HQPBN
nelpa.shop	2026-09-28	EXPERT
orplio.shop	2026-09-28	EXPERT
gladeflowers.com	2026-09-28	HQPBN
bisprofit.com	2026-09-28	HQPBN
casinoonlinecrazytime.online	2026-09-28	EXPERT
forbesstories.com	2026-09-28	HQPBN
matrivo.shop	2026-09-28	EXPERT
juaralaundry.com	2026-09-27	HQPBN
firstguestpost.com	2026-09-27	HQPBN
growwithseo.shop	2026-09-27	BARE
sapphirevpn.net	2026-09-27	HQPBN
piolo.shop	2026-09-27	EXPERT
junip.shop	2026-09-27	EXPERT
s-tribe.net	2026-09-26	HQPBN
corvio.shop	2026-09-26	EXPERT
doxycycline100mg.store	2026-09-25	EXPERT
adcreativevideo.com	2026-09-25	HQPBN
thedocmag.com	2026-09-25	HQPBN
canlisohbethatlari.online	2026-09-25	EXPERT
daechul.co.com	2026-09-25	EXPERT
sahammurah.com	2026-09-25	HQPBN
quotesblom.com	2026-09-24	HQPBN
canadapsilocybin.com	2026-09-24	HQPBN
marinasone.com	2026-09-24	HQPBN
drobo.shop	2026-09-24	EXPERT
fittyfoody.com	2026-09-24	HQPBN
onlinegamblingbonus.online	2026-09-24	EXPERT
fastlifesite.com	2026-09-24	HQPBN
getranked.site	2026-09-24	BARE
tokyopush188.online	2026-09-23	EXPERT
fastranking.shop	2026-09-23	BARE
prepaidgiftbalance.online	2026-09-23	EXPERT
burpio.shop	2026-09-23	EXPERT
top5casino.online	2026-09-23	EXPERT
plixmo.shop	2026-09-23	EXPERT
trafficexperts.site	2026-09-23	BARE
topranking.shop	2026-09-23	BARE
expresskitchendesigns.com	2026-09-23	HQPBN
rankfirst.shop	2026-09-23	BARE
cvillico.com	2026-09-23	HQPBN
bestirishcasinoonline.online	2026-09-23	EXPERT
winningseo.site	2026-09-22	BARE
digitalboost.site	2026-09-22	BARE
localranking.site	2026-09-22	BARE
plurio.shop	2026-09-22	HQPBN
blogerreviewers.com	2026-09-22	HQPBN
mylisthero.com	2026-09-21	HQPBN
dupurgeniefr.com	2026-09-21	HQPBN
mertio.shop	2026-09-21	EXPERT
phanerosart.com	2026-09-21	HQPBN
hostprinter.com	2026-09-21	HQPBN
bye.fyi	2026-09-20	BARE
theforbestimes.com	2026-09-20	HQPBN
bestnz-poker-casinoslot.com	2026-09-20	HQPBN
ggmap.us.com	2026-09-20	EXPERT
casinopopular.online	2026-09-20	EXPERT
ggmap.co.com	2026-09-20	EXPERT
nuxlo.shop	2026-09-20	EXPERT
rjcentinc.com	2026-09-19	HQPBN
newblogerseo.com	2026-09-19	HQPBN
urls-shortener.eu	2026-09-19	BARE
crinto.shop	2026-09-18	EXPERT
backlinks-checker.com	2026-09-18	BARE
masihnyata.com	2026-09-18	HQPBN
sidarma88gacor.shop	2026-09-18	EXPERT
domraider.de.com	2026-09-18	BARE
clifflisting.com	2026-09-18	HQPBN
breachviews.com	2026-09-18	HQPBN
organictraffic.site	2026-09-18	BARE
plendo.shop	2026-09-17	EXPERT
mervi.shop	2026-09-17	EXPERT
nokvio.shop	2026-09-17	EXPERT
cmocheatsheets.com	2026-09-17	HQPBN
betwinnermirror.com	2026-09-17	HQPBN
onvaxs.com	2026-09-17	HQPBN
boosttraffic.site	2026-09-17	BARE
www.sahammurah.com	2026-09-16	HQPBN
bestonlinecasinomexico.online	2026-09-16	EXPERT
www.cgpa2percentag.com	2026-09-16	HQPBN
fioro.shop	2026-09-16	EXPERT
kkinsider.com	2026-09-16	HQPBN
chordmp3.net	2026-09-16	HQPBN
bestofthefirstcoast.com	2026-09-15	HQPBN
homesforsaleoldgreenwichct.com	2026-09-15	HQPBN
seol.store	2026-09-15	BARE
casinooftheking.com	2026-09-15	HQPBN
emergencydentistinrichmondva.com	2026-09-15	HQPBN
domraider.uk.com	2026-09-15	BARE
fashionclothingnews.com	2026-09-14	HQPBN
digitalchatni.com	2026-09-14	HQPBN
www.aloysionunes.com	2026-09-14	HQPBN
realwinningonlinecasino.online	2026-09-13	EXPERT
