week_start	clicks	impressions	avg_position_impr_weighted
2026-02-08	1	4	4.5
2026-02-15	0	15	34.5
2026-02-22	0	7	18.6
2026-03-01	1	9	2.3
2026-03-08	0	16	30.7
2026-03-15	2	357	14.3
2026-03-22	0	495	11.7
2026-03-29	2	564	15.5
2026-04-05	4	545	11.9
2026-04-12	10	494	10.8
2026-04-19	8	553	12.7
2026-04-26	12	507	13.9
2026-05-03	8	564	12.2
2026-05-10	5	561	23.0
2026-05-17	4	301	42.0
2026-05-24	4	507	43.4
2026-05-31	5	684	30.5
2026-06-07	6	1146	18.6
2026-06-14	8	1351	19.9
2026-06-21	14	1330	16.3
2026-06-28	3	1189	14.3
2026-07-05	14	1025	16.5
2026-07-12	7	782	17.0
2026-07-19	9	851	17.5
2026-07-26	11	1060	18.7
2026-08-02	16	2493	13.9
2026-08-09	12	2648	16.4
2026-08-16	7	2133	19.9
2026-08-23	9	1602	25.8
2026-08-30	7	1728	10.5
2026-09-06	5	1209	9.3
2026-09-13	12	1132	8.9
2026-09-20	8	744	8.7
